ankle,knee,hip,shoulder,neck,elbow
1.396813932716493,0.25285215902174696,-0.20265926107779975,-2.660104751816744,-0.6429916042419515,0.3506008624038323
